"행정구역(시군구)별",1992,1993,1994,1995,1996,1997,1998,1999,2000,2001,2002,2003,2004,2005,2006,2007,2008,2009,2010,2011,2012,2013,2014,2015,2016,2017
"행정구역(시군구)별",총인구수 (명),총인구수 (명),총인구수 (명),총인구수 (명),총인구수 (명),총인구수 (명),총인구수 (명),총인구수 (명),총인구수 (명),총인구수 (명),총인구수 (명),총인구수 (명),총인구수 (명),총인구수 (명),총인구수 (명),총인구수 (명),총인구수 (명),총인구수 (명),총인구수 (명),총인구수 (명),총인구수 (명),총인구수 (명),총인구수 (명),총인구수 (명),총인구수 (명),총인구수 (명)
"전국",44503200,45001113,45416339,45858029,46266256,46684069,46991171,47335678,47732558,48021543,48229948,48386823,48583805,48782274,48991779,49268928,49540367,49773145,50515666,50734284,50948272,51141463,51327916,51529338,51696216,51778544
"서울특별시",10935230,10889499,10759454,10550871,10418076,10336134,10270506,10264260,10311314,10263336,10207295,10174086,10173162,10167344,10181166,10192710,10200827,10208302,10312545,10249679,10195318,10143645,10103233,10022181,9930616,9857426
"종로구",226240,221049,213187,203086,197563,194696,188732,186590,186378,184225,181231,177519,174372,169315,166793,165846,170705,168603,170578,168382,165207,160070,156993,154986,152737,154770
"중구",174605,165129,153901,143138,132189,126892,122500,126254,141010,143016,138134,134548,131971,130027,130649,130044,130362,129465,132822,133193,133360,130465,128065,125733,125249,125709
"용산구",280671,271379,264188,254579,247694,238304,239282,237489,240087,241033,234653,231871,230107,230260,232035,235832,238224,238708,244853,246501,243232,239740,235951,233342,230241,229161
"성동구",778385,765944,750814,341582,329914,324615,321945,339175,340790,341375,340773,339368,339113,337744,334437,333535,314212,308058,309093,300711,299604,299337,296086,297003,299259,304808
"광진구",-,-,-,389920,390739,396580,395921,390061,391309,388109,386511,384929,380537,375613,374442,376572,375482,373998,375463,371936,371313,368927,363354,360369,357215,357703
"동대문구",469843,458149,442068,418985,398060,388172,377724,367025,380444,381799,381841,382875,379404,381110,378860,376421,370250,362146,366786,365486,363258,364273,363687,360153,355069,350647
"중랑구",458109,459818,457347,454534,477850,475089,467001,461737,458440,448928,442125,436089,433858,427373,426078,427071,427871,424761,427455,423706,419295,416798,418836,413909,411005,408226
"성북구",525943,512787,501967,495737,485240,476502,478830,472929,460862,450602,443809,453057,451122,462879,472843,469973,473357,476028,488932,485171,481857,476589,466706,459275,450355,444055
"강북구",-,-,-,394548,379062,367787,360814,352142,351995,351404,361896,360663,360525,353260,348990,345478,342274,340367,346520,345054,343157,338707,335025,330873,327195,324479
"도봉구",765975,779610,774414,373630,381465,387808,380844,375275,370976,371259,371911,376599,381939,381529,377534,375975,373936,369733,368298,365573,362270,358582,353709,351242,348220,344166
"노원구",571171,587399,588757,598529,585907,586284,594851,617500,632634,646905,641652,631931,628184,622003,618093,616753,615981,610616,611230,603930,597189,590479,582552,574583,567581,554403
"은평구",506694,511461,510944,502310,497417,490500,479841,472464,469417,467719,470205,474778,478087,470751,464580,459196,458401,465895,488109,493634,501480,503660,498644,497920,491476,486794
"서대문구",387201,378574,371090,367318,361529,354084,361733,365783,367380,366228,362614,355753,352071,349163,349020,348575,331688,327451,324541,314852,315113,314110,310376,312141,314194,312800
"마포구",430650,420573,410571,398228,390831,388736,384550,385114,387308,379141,375417,379451,383457,388164,390583,392650,385119,384013,391865,389493,384644,381856,385439,387643,379892,374915
"양천구",507141,498727,491279,485777,485497,484538,483674,480313,486781,484345,484518,486962,495098,499755,501717,503650,502343,501395,500001,500210,495911,492528,486221,484532,477739,471154
"강서구",437330,473643,507409,522409,522640,518067,516590,519786,521231,521489,528321,537003,541671,553660,554945,560424,576848,572836,574127,569072,567431,569070,585160,589074,595485,601691
"구로구",738140,722928,696060,382207,377391,376436,380623,395294,403097,415330,413363,412845,416828,416405,419832,420542,420795,421967,423736,427468,427520,424964,425831,422092,417551,410742
"금천구",-,-,-,283089,271718,270764,272276,268629,266431,260476,261413,261224,259633,256902,253243,249108,247320,244835,245195,243438,243288,241020,238463,236284,235386,235154
"영등포구",452091,443919,432060,416050,405326,404017,403380,404306,406510,406860,408753,403327,406261,408386,408698,408178,408099,405798,406833,397443,391408,386471,382352,378504,370613,368550
"동작구",426725,439453,439699,435601,433608,430950,424636,419161,415892,406116,403047,410360,410945,410481,408582,405967,400866,397920,402709,401408,405491,410815,407470,400641,400997,396217
"관악구",589171,589811,577977,557653,542325,533577,525729,517552,524404,527764,522207,522456,530156,530020,535217,535571,534556,529869,531434,526397,523029,518028,513186,509663,506851,503297
"서초구",417177,407993,409161,404918,405743,403506,401179,400950,397869,393849,389256,394757,400868,401736,408266,405969,406320,425481,434720,433564,435044,441763,449678,446764,447192,441102
"강남구",556120,562792,568498,554573,552768,550803,550387,552293,550343,540640,535138,528977,531517,540909,556964,560958,557832,562138,570095,565710,564197,563599,578114,576495,567115,556164
"송파구",687788,683439,678019,666806,668987,674577,668879,665918,663177,655483,647037,619514,604293,605840,607005,623876,668962,681476,685279,682209,673115,668415,664738,660302,657831,664496
"강동구",548060,534922,520044,505664,496613,492850,488585,490520,496549,489241,481470,477230,471145,464059,461760,464546,469024,484745,491871,495138,487905,483379,476597,458658,444168,436223
"부산광역시",3882389,3862806,3839812,3883880,3867125,3851312,3829098,3817270,3796506,3770536,3730125,3691445,3666345,3638293,3611992,3587439,3564577,3543030,3567910,3550963,3538484,3527635,3519401,3513777,3498529,3470653
"중구",75058,71058,70581,65499,62810,61256,60344,59178,58193,57056,55671,54371,53179,51957,50766,50004,49565,48905,49442,48686,48148,47345,46737,45816,45208,44218
"서구",200794,193305,186882,178910,173148,167762,163027,158506,154753,151874,148020,144305,142460,139607,136226,132803,129385,125785,126040,123718,120828,118783,118115,115963,112973,110039
"동구",176867,168436,161672,154504,146215,140131,135154,130625,127138,124303,121043,117617,114204,109879,106890,104881,102764,101153,101514,100420,98529,96011,94565,92069,89826,88868
"영도구",204272,207158,209495,208833,203699,198027,193174,188376,184488,179841,174678,170355,166054,162961,158780,155273,152118,148139,146798,143205,139765,135816,132102,129385,126362,123521
"부산진구",501933,486351,475730,462242,445581,440813,436290,434032,430373,426518,420645,410603,405534,410610,405775,402359,400516,395689,395826,395044,392731,389765,387378,381572,376526,371703
"동래구",592938,584614,572506,313176,307925,302325,300275,301307,300081,295361,290396,282056,279366,276095,279528,284901,282673,281644,282779,283742,278767,276689,275971,272837,272745,270727
"남구",550283,536841,528129,320745,315041,308372,304978,299074,299518,302642,305375,307287,304481,302257,297893,296666,298314,297963,298458,295121,291175,291770,286989,283101,278779,273854
"북구",528631,554414,571620,283351,293307,296203,296335,306682,307238,311481,320976,326710,333316,335699,330446,325302,318859,314227,312218,307988,312937,309719,306974,310484,310202,302924
"해운대구",278469,286876,294059,305095,346231,379944,402154,407491,408842,407562,401663,403585,403432,404599,418875,423816,424455,424974,426729,425618,428188,425536,423531,422818,419853,412039
"사하구",370012,379645,382271,388534,394296,392514,391758,389570,388020,383864,378236,375283,374248,371909,366865,364693,365368,359800,358730,355443,352726,349110,343371,337781,334603,333301
"금정구",322382,316493,311854,312034,303946,301970,297844,294560,292187,285760,278511,274696,271046,264880,263338,258934,256398,252039,255419,254720,255692,253526,249856,246026,244624,244469
"강서구",80750,77615,75013,73354,70961,68828,67244,64268,62137,60457,58288,56415,54711,53808,53169,51819,52156,60372,62594,64733,65806,69873,79619,94608,108909,117382
"연제구",-,-,-,248908,240026,232641,225983,226854,223344,226267,228268,225473,221853,217763,214809,212658,212810,210390,212696,213326,211536,209290,208012,210718,207268,206742
"수영구",-,-,-,202698,197118,193938,189461,186480,184743,181075,177881,177119,180576,178684,177814,178253,177140,177292,178267,176691,176666,175098,178480,179795,179324,179996
"사상구",-,-,-,293924,293031,292449,290621,296142,301127,300309,294090,287938,282097,277481,271484,265512,260897,255274,257843,254413,250424,246797,242953,237711,232800,229219
"기장군",-,-,-,72073,73790,74139,74456,74125,74324,76166,76384,77632,79788,80104,79334,79565,81159,89384,102557,108095,114566,132507,144748,153093,158527,161651
"대구광역시",2284191,2312166,2342680,2478589,2480345,2488346,2493440,2505710,2524253,2525109,2525803,2529544,2524712,2511306,2496115,2493261,2492724,2489781,2511676,2507271,2505644,2501588,2493264,2487829,2484557,2475231
"중구",131151,128915,121759,114759,107893,103081,99311,95498,91880,89577,87070,83517,79911,80081,78615,79093,78824,77585,77857,76600,75439,76246,78812,80928,79712,78986
"동구",364010,361703,360022,353823,347756,343934,342458,340649,338052,336272,333134,339511,344328,344082,337902,336049,330996,331421,337529,341206,342092,343802,347975,349728,351352,349379
"서구",380969,366869,355194,342018,331411,317944,302773,293012,286197,280075,272752,264699,258098,251004,243560,237757,228720,225193,224618,222619,220211,215399,210770,206028,199507,191992
"남구",250557,242594,236880,229475,218870,209874,203050,201433,196286,192629,189725,185566,181381,180011,180481,178530,175317,171873,171197,169095,168715,166062,163492,160852,156433,152845
"북구",325181,345587,357841,379805,393294,392570,392603,404053,409353,414305,435209,446318,459741,464559,468030,463056,461518,453367,452505,449775,448485,444359,444375,443119,440383,441375
"수성구",418956,426016,440702,456408,468588,468759,462205,460485,459658,456487,446879,448430,443881,437356,440172,447164,451732,456196,461988,461083,459779,461004,456505,451786,447011,439211
"달서구",413367,440482,470282,482345,486335,514729,552170,567715,588546,599664,605433,603949,601467,595860,589041,591169,594616,598011,607083,606542,606557,610358,606433,602641,591891,578068
"달성군",-,-,-,119956,126198,137455,138870,142865,154281,156100,155601,157554,155905,158353,158314,160443,171001,176135,178899,180351,184366,184358,184902,192747,218268,243375
"인천광역시",2065866,2138426,2200769,2353073,2391824,2445613,2485199,2509086,2545769,2564598,2577989,2570194,2578817,2600495,2624391,2664576,2692696,2710579,2758296,2801274,2843981,2879782,2902608,2925815,2943069,2948542
"중구",80011,77239,74372,73061,71901,73404,73550,72368,71522,73637,78375,85415,89993,92300,91916,89768,88713,89688,92890,93581,98648,107774,111929,114493,115249,117999
"동구",114937,110397,104186,100125,96005,91168,82277,79764,76057,75788,74747,80966,81243,78128,75699,74087,74866,77308,79663,78692,76720,75093,73978,72571,71014,69487
"남구",508665,559930,611644,428921,426924,423866,418074,418156,420348,425371,432716,433138,430889,420403,416672,412379,420741,419935,423876,417996,414500,411330,408305,404893,417103,419267
"연수구",-,-,-,218414,239787,253270,259862,261202,262319,261038,259254,257564,255998,265658,271010,268780,268668,271497,279230,287903,292589,300305,310703,319052,328627,335142
"남동구",373025,378118,386470,389052,391409,392753,396499,397462,407845,407615,403574,392478,384244,379310,390044,425217,450054,463414,473423,495469,503597,507021,514656,531395,530982,536578
"북구",726637,745047,751735,-,-,-,-,-,-,-,-,-,-,-,-,-,-,-,-,-,-,-,-,-,-,-
"부평구",-,-,-,496851,505885,501503,519839,528339,546520,552093,558310,554027,557144,567347,570283,568905,569246,563920,567493,560936,559047,556985,556992,555844,549716,539941
"계양구",-,-,-,263847,270738,313930,326220,332236,337077,339696,341074,340175,337103,335435,342335,342564,342299,344039,347810,344299,342202,343806,339538,334332,330284,323784
"서구",262591,267695,272362,298724,305710,312839,326386,337579,342973,348450,350121,347117,362269,380916,384431,399430,393346,395508,408068,436134,469887,490035,498686,504606,510733,516017
"강화군",-,-,-,70601,70146,69539,68572,67924,67100,66860,65698,65044,65114,65389,65510,66466,67387,67049,67104,66779,66752,66735,67118,67667,68010,68754
"옹진군",-,-,-,13477,13319,13341,13920,14056,14008,14050,14120,14270,14820,15609,16491,16980,17376,18221,18739,19485,20039,20698,20703,20962,21351,21573
"광주광역시",1223784,1248670,1272515,1285633,1300195,1323863,1339441,1356612,1371909,1383765,1397452,1395762,1401172,1401745,1407798,1413444,1422702,1433640,1454636,1463464,1469216,1472910,1475884,1472199,1469214,1463770
"동구",171722,167096,159231,152586,148863,139142,133077,128038,123647,119182,117225,116486,117733,114480,114086,115066,109963,107772,104449,106495,105580,103016,100786,98784,95791,95448
"서구",461916,464606,458105,232213,227259,241761,248213,267116,287867,300999,312205,313808,315987,311511,309362,307072,304885,299825,303219,317936,316545,315276,310317,305028,309579,306957
"남구",-,-,-,257989,253534,248276,244382,237138,231501,226143,221357,216102,213321,214524,211744,209024,213073,213697,216863,219041,218313,216254,219815,221318,219729,218454
"북구",410016,425353,451223,464700,462335,464445,473148,476833,475992,474409,471364,462384,458030,454241,460985,466181,474121,469410,466866,444483,443677,445489,447685,446316,441066,438780
"광산구",180130,191615,203956,178145,208204,230239,240621,247487,252902,263032,275301,286982,296101,306989,311621,316101,320660,342936,363239,375509,385101,392875,397281,400753,403049,404131
"대전광역시",1134843,1189039,1232823,1265081,1293760,1318212,1341413,1363546,1385606,1403164,1419573,1432296,1443471,1454638,1466158,1475659,1480895,1484180,1503664,1515603,1524583,1532811,1531809,1518775,1514370,1502227
"동구",310615,295265,280729,268014,265211,261568,260749,255215,252684,246824,240487,240212,238532,234724,236504,244496,245973,246116,248835,251285,251945,250653,245493,239579,234959,230516
"중구",292848,277633,272066,264660,261497,258992,259044,258748,267014,268306,265597,268351,265962,266635,263592,265430,264678,264035,265846,265502,264125,264913,261165,256186,252490,248933
"서구",272631,331755,376768,411878,424646,445009,463024,471871,476893,485363,496217,500551,508552,509225,505600,501935,499172,499297,499742,499124,496513,498917,496132,490859,491011,487448
"유성구",69442,87385,104999,119639,136972,144497,150016,153501,157638,171732,187346,193974,203478,220767,243130,250523,259831,266585,281692,294353,306312,313968,327461,335312,343222,348428
"대덕구",189307,197001,198261,200890,205434,208146,208580,224211,231377,230939,229926,229208,226947,223287,217332,213275,211241,208147,207549,205339,205688,204360,201558,196839,192688,186902
"울산광역시",-,-,-,-,-,1009652,1015249,1024336,1040225,1055618,1065037,1072867,1081453,1087648,1092494,1099995,1112407,1114866,1126298,1135494,1147256,1156480,1166377,1173534,1172304,1165132
"중구",-,-,-,-,-,236306,232129,230046,232038,232911,234865,233629,235232,235417,234896,236573,233898,230212,232915,232634,233013,234607,238825,244481,242536,238652
"남구",-,-,-,-,-,320499,321480,326066,335409,344011,347695,347485,347323,347162,345769,342675,343922,343740,344131,343504,346836,349064,347759,343598,340714,335439
"동구",-,-,-,-,-,200317,189484,188192,186944,185951,186641,186135,185383,184599,185954,181844,176431,173841,170764,172172,175479,178468,176668,174963,174514,169605
"북구",-,-,-,-,-,104167,117184,118965,121073,122480,124515,131775,139165,146117,148772,155642,166469,171674,177488,182504,184088,185695,188733,191063,195285,200718
"울주군",-,-,-,-,-,148363,154972,161067,164761,170265,171321,173843,174350,174353,177103,183261,191687,195399,201000,204680,207840,208646,214392,219429,219255,220718
"세종특별자치시",-,-,-,-,-,-,-,-,-,-,-,-,-,-,-,-,-,-,-,-,113117,122153,156125,210884,243048,280100
"세종시",-,-,-,-,-,-,-,-,-,-,-,-,-,-,-,-,-,-,-,-,113117,122153,156125,210884,243048,280100
"경기도",6613094,7005232,7421823,7789424,8155794,8470594,8672632,8934332,9219343,9544496,9927473,10206851,10462920,10697215,10906033,11106211,11292264,11460610,11786622,11937415,12093299,12234630,12357830,12522606,12716780,12873895
"수원시",696322,713221,729017,746610,769876,798640,854084,910045,948065,974866,1019711,1032944,1033829,1045587,1068906,1067702,1067425,1073149,1077535,1088489,1120258,1148157,1174228,1184624,1194041,1202628
"장안구",-,250467,251082,253062,251420,262984,266490,296723,309266,323368,346336,285539,283770,284176,289490,287474,285803,290798,293692,290999,291757,300908,301196,299016,296479,293828
"권선구",-,239564,255280,260360,283132,291489,296787,307883,321646,328962,328786,287059,287081,297045,307072,310553,308177,304097,306783,321176,332633,331773,339835,351053,358393,365653
"팔달구",-,223190,222655,233188,235324,244167,290807,305439,317153,322536,344589,216031,220842,218375,217794,216945,213235,219833,216503,209772,206794,204805,203479,199180,198515,193311
"영통구",-,-,-,-,-,-,-,-,-,-,-,244315,242136,245991,254550,252730,260210,258421,260557,266542,289074,310671,329718,335375,340654,349836
"성남시",645311,729959,800273,886663,914240,923226,921227,921204,924390,932780,940974,962048,977166,983075,964831,953960,942447,962726,980190,979323,978615,979534,974608,971424,974580,967510
"수정구",-,276919,267871,262209,261064,261173,258028,257807,257048,257575,259763,260244,262170,261889,259427,256744,248452,242161,241070,236123,233997,228167,223539,219531,232841,236932
"중원구",-,279995,285036,284210,282539,281054,276600,273312,273913,273728,273671,274874,272105,269667,264971,263101,265137,259877,258093,254872,253883,256349,251982,250004,237909,230366
"분당구",-,173045,247366,340244,370637,380999,386599,390085,393429,401477,407540,426930,442891,451519,440433,434115,428858,460688,481027,488328,490735,495018,499087,501889,503830,500212
"의정부시",237811,253876,269701,281184,290326,306585,327965,344780,361131,367171,378424,394803,397612,402410,410938,421853,430849,431008,431801,430400,429147,430976,431112,433937,438457,441584
"안양시",539775,588376,594891,593142,599163,591522,586562,582584,581166,591670,595142,604505,621047,625350,624280,624197,620279,616547,621714,615642,611412,607877,600809,597789,597414,587764
"만안구",-,275244,264923,262597,262509,256321,252866,251126,254871,261508,269302,266852,265601,267789,267612,265881,262820,262258,266261,263077,253492,250246,247315,247270,252353,254977
"동안구",-,313132,329968,330545,336654,335201,333696,331458,326295,330162,325840,337653,355446,357561,356668,358316,357459,354289,355453,352565,357920,357631,353494,350519,345061,332787
"부천시",687751,723481,756219,779745,793437,788136,778789,775573,775815,781091,816499,844256,855697,855359,860020,864037,867678,869944,875204,872452,869944,863720,855586,848987,851380,850329
"원미구",-,326421,364765,388384,395684,394020,389560,388385,389189,388754,424021,441491,444837,443365,443964,443290,441795,447136,448602,446247,446604,444207,442638,442898,-,-
"소사구",-,215435,208637,209226,212366,209037,204039,200913,198278,201227,201594,212857,221932,224246,227368,227484,230155,229335,230557,232190,231363,229959,226400,222016,-,-
"오정구",-,181625,182817,182135,185387,185079,185190,186275,188348,191110,190884,189908,188928,187748,188688,193263,195728,193473,196045,194015,191977,189554,186548,184073,-,-
"광명시",337842,341191,344094,343899,346108,342630,343933,340021,338139,336309,340807,336083,331419,327828,313372,313019,310501,314257,343982,355226,355560,353100,348560,344978,339484,332790
"평택시",87630,90565,96905,321636,335901,346008,346694,352181,356103,358263,358531,364979,370653,383976,396765,402458,406721,410042,419457,426886,434305,442034,449555,460532,470832,481530
"송탄시",91495,97653,103656,-,-,-,-,-,-,-,-,-,-,-,-,-,-,-,-,-,-,-,-,-,-,-
"동두천시",69388,71284,71634,72431,72860,73644,73625,74665,75529,74266,73177,74735,79214,82623,85803,88780,90835,93211,95653,96253,97175,97557,97595,97974,98277,97071
"안산시",354433,399822,457910,504615,527650,544144,546117,547759,566912,590598,628861,651625,666784,679011,698819,705040,708257,705346,714891,715586,715108,713666,707876,697885,689859,677710
"상록구",-,-,-,-,-,-,-,-,-,-,338133,346525,350368,357018,369527,373969,377005,374055,379136,380880,381556,382571,381508,379517,375857,370744
"단원구",-,-,-,-,-,-,-,-,-,-,290728,305100,316416,321993,329292,331071,331252,331291,335755,334706,333552,331095,326368,318368,314002,306966
"고양시",257654,306622,418919,563398,657226,718465,750418,772390,797597,811467,836664,865077,886000,904077,910206,924839,938831,938784,950115,961239,969916,990571,1006154,1027546,1039684,1041983
"덕양구",-,-,-,-,301694,339915,357085,362916,369447,371375,377046,380711,385784,389301,381105,378260,386817,388777,394375,391832,396559,410491,424423,441988,446233,448684
"일산구",-,-,-,-,355532,378550,393333,409474,428150,440092,459618,484366,500216,-,-,-,-,-,-,-,-,-,-,-,-,-
"일산동구",-,-,-,-,-,-,-,-,-,-,-,-,-,225546,239632,256493,261358,261943,269292,278095,281949,283976,284207,285658,292612,293673
"일산서구",-,-,-,-,-,-,-,-,-,-,-,-,-,289230,289469,290086,290656,288064,286448,291312,291408,296104,297524,299900,300839,299626
"과천시",72243,70963,69906,70105,70890,71128,71322,71329,71432,71201,70488,70324,68333,60956,60482,62291,69477,72049,72279,71955,71068,70578,70156,68946,63778,57527
"구리시",124770,126996,136794,143177,155429,164150,163758,166232,169417,184816,193214,192947,193438,192548,193847,196800,195874,195593,196398,194881,192341,189680,186820,186721,193763,200042
"미금시",74721,75046,74135,-,-,-,-,-,-,-,-,-,-,-,-,-,-,-,-,-,-,-,-,-,-,-
"남양주시",-,-,-,237398,254106,278939,306553,334551,358396,375041,392614,403755,418360,450054,470617,492347,505867,525211,564141,578485,599539,618305,636256,653454,662154,665321
"오산시",60967,62615,63348,69562,72518,75344,76638,84843,105933,114540,115956,118167,121326,129843,136311,145825,150237,159734,182516,193892,200291,205460,208565,206828,208656,213437
"시흥시",128517,131940,135903,139262,174876,221420,253329,293272,318083,337402,353860,368223,378613,387239,390477,390564,392756,397912,403797,401149,399485,396765,394639,398256,402888,419664
"군포시",130877,177873,223212,244540,253874,261794,270138,270061,270151,269080,268559,273765,275761,277781,274569,275351,277590,275731,287833,287294,286841,286344,288408,287519,284890,281205
"의왕시",97641,95481,105376,109752,111562,114311,115505,116300,121292,124191,133395,143388,145535,145952,138253,135009,134488,140874,147443,149607,154757,159772,158482,157740,156763,155767
"하남시",95112,96154,107521,117378,122008,125163,123836,123709,123366,123659,127541,128326,129903,132850,134824,137131,143638,148566,150479,148397,146269,145096,148896,166713,211101,232487
"용인시",-,-,-,-,270517,300670,318393,357126,392133,451670,525622,575255,640452,693660,766569,800294,816763,839204,876550,896044,915959,941477,961026,975746,991126,1004081
"처인구",-,-,-,-,-,-,-,-,-,-,-,-,-,196830,199397,202714,203805,203620,207935,209200,210524,212904,218400,221347,226130,231553
"기흥구",-,-,-,-,-,-,-,-,-,-,-,-,-,224770,282461,301630,315461,340133,357935,368722,375875,393172,402206,409162,417163,419429
"수지구",-,-,-,-,-,-,-,-,-,-,-,-,-,272060,284711,295950,297497,295451,310680,318122,329560,335401,340420,345237,347833,353099
"파주시",-,-,-,-,171056,177136,178803,181496,191726,224658,235147,237658,246323,261770,292752,303831,311164,323011,355632,378790,394201,401718,411348,423321,430781,437848
"이천시",-,-,-,-,160479,171108,175400,180285,183605,187274,189526,190753,190808,192271,194369,195691,196633,197496,202595,204566,204917,205479,205014,204935,210359,213142
"안성시",-,-,-,-,-,-,129957,132093,136590,141605,147898,151522,154110,157130,159655,163733,169545,170919,177937,180743,181608,182173,181896,180199,182896,182786
"김포시",-,-,-,-,-,-,127865,148066,162997,180404,193438,203391,208192,207229,207824,205997,220418,225805,238339,256994,287432,312305,340310,349990,363443,392092
"화성시",-,-,-,-,-,-,-,-,-,210524,226930,236226,271563,296530,310171,371972,449354,491528,505838,516765,525490,530251,540862,596525,640890,691086
"광주시",-,-,-,-,-,-,-,-,-,152878,175614,191466,205641,214498,222048,229319,234777,238583,249789,265222,275656,286699,298858,312579,327723,345947
"양주시",-,-,-,-,-,-,-,-,-,-,-,148062,152596,160589,169806,179914,179914,182106,196706,200360,200310,199143,202072,205184,205513,212146
"포천시",-,-,-,-,-,-,-,-,-,-,-,150240,150364,155242,157269,158156,160176,158931,158658,157967,157559,156603,155798,155192,154763,152925
"여주시",-,-,-,-,-,-,-,-,-,-,-,-,-,-,-,-,-,-,-,-,-,109343,110386,111033,111563,111984
"양주군",88535,90706,91222,94157,96896,101310,101810,108309,117319,135748,143124,-,-,-,-,-,-,-,-,-,-,-,-,-,-,-
"남양주군",139229,145639,152839,-,-,-,-,-,-,-,-,-,-,-,-,-,-,-,-,-,-,-,-,-,-,-
"여주군",95913,95953,95661,96891,99557,100634,101223,101478,103622,104648,104380,104030,103976,104260,105022,106926,107355,108088,109250,109120,109550,-,-,-,-,-
"평택군",110411,110939,111849,-,-,-,-,-,-,-,-,-,-,-,-,-,-,-,-,-,-,-,-,-,-,-
"화성군",181385,182216,163596,163445,167303,176702,178743,183166,191444,-,-,-,-,-,-,-,-,-,-,-,-,-,-,-,-,-
"파주군",164647,166496,167600,168249,-,-,-,-,-,-,-,-,-,-,-,-,-,-,-,-,-,-,-,-,-,-
"광주군",83094,85284,87190,92815,101464,110242,114789,123865,139339,-,-,-,-,-,-,-,-,-,-,-,-,-,-,-,-,-
"연천군",56136,55777,54862,54803,55117,55154,54365,53766,52786,51655,50372,49508,48687,47123,46075,45603,45495,45241,45177,44900,45599,45610,45363,45725,45907,45431
"포천군",118930,121998,123381,128181,134487,141741,143257,144912,145981,146272,152507,-,-,-,-,-,-,-,-,-,-,-,-,-,-,-
"가평군",53722,53925,54061,55005,56203,56613,56334,56386,56111,56045,55506,55060,54845,54861,54855,55698,57108,57564,58890,59358,60794,61017,61213,62008,62448,62973
"양평군",77593,77111,76548,78749,81314,81502,81200,81885,82773,82704,82992,83730,84673,85533,86298,87874,89812,91450,95833,99430,102193,103620,105379,108316,111367,115105
"이천군",147500,148111,150805,155737,-,-,-,-,-,-,-,-,-,-,-,-,-,-,-,-,-,-,-,-,-,-
"용인군",182625,191347,209071,243785,-,-,-,-,-,-,-,-,-,-,-,-,-,-,-,-,-,-,-,-,-,-
"안성군",120450,120914,122318,124671,125839,128339,-,-,-,-,-,-,-,-,-,-,-,-,-,-,-,-,-,-,-,-
"김포군",110786,114974,117235,108439,113512,124194,-,-,-,-,-,-,-,-,-,-,-,-,-,-,-,-,-,-,-,-
"강화군",72137,71116,70398,-,-,-,-,-,-,-,-,-,-,-,-,-,-,-,-,-,-,-,-,-,-,-
"옹진군",19741,19608,13773,-,-,-,-,-,-,-,-,-,-,-,-,-,-,-,-,-,-,-,-,-,-,-
"강원도",1554106,1539801,1529304,1528488,1528671,1537106,1552667,1556979,1554688,1552407,1538720,1527034,1521375,1513110,1505420,1503806,1508575,1512870,1529818,1536448,1538630,1542263,1544442,1549507,1550806,1550142
"춘천시",179198,183192,187159,232682,235729,240226,244076,248370,251212,251142,252624,253363,254323,254999,256239,258141,261975,264849,269950,272805,273364,274455,275791,277997,280707,280514
"원주시",171356,175910,179828,237537,244535,254271,260355,265073,270009,274266,276889,280738,284628,288454,294155,298762,303975,307882,314678,320536,323885,324837,327292,332995,337979,341337
"강릉시",151768,153624,155510,223539,224111,225528,229449,232067,233121,231943,229869,229073,227259,224391,222016,220484,218399,217464,218503,217571,217741,216806,215807,214560,213846,213952
"동해시",96293,97734,99126,100277,101912,103112,103474,103704,103654,103570,102857,101764,100727,99230,97497,96652,95652,95271,95236,95804,93897,95143,94562,93895,93297,92851
"태백시",79343,71890,68129,64850,62436,60438,59896,58588,57023,56193,55154,53948,53264,52463,51593,51490,51028,50424,50864,50176,49493,48794,48258,47501,47070,45888
"속초시",74730,76577,78549,80625,82472,85263,86923,88764,90032,90231,90029,89047,87933,87124,86073,85370,84599,83822,84302,83745,83579,83109,82432,81992,81793,82273
"삼척시",41453,41697,41821,90005,87303,86016,85846,84523,82177,79770,77434,75759,74301,73134,71750,70791,70954,71935,72046,72312,72463,73023,72314,70839,69599,68514
"춘천군",42289,41681,40865,-,-,-,-,-,-,-,-,-,-,-,-,-,-,-,-,-,-,-,-,-,-,-
"홍천군",79408,78047,76891,75924,75493,75105,75251,74939,74461,74019,72514,71351,71907,70811,70037,70142,70360,69606,69893,69899,69727,70638,70451,70336,70076,70340
"횡성군",51447,50343,49350,48773,48112,47081,47362,46822,45961,45496,45198,44306,44297,43678,42982,43176,43413,44121,44254,44360,44615,44937,45373,45777,45991,46281
"원주군",49157,50430,50954,-,-,-,-,-,-,-,-,-,-,-,-,-,-,-,-,-,-,-,-,-,-,-
"영월군",58781,56473,54886,53398,51787,50498,50287,49746,48393,52101,45273,44027,42406,41538,40511,40290,40201,40265,40407,40199,40155,40150,40191,40216,40073,40067
"평창군",53352,51716,50535,49781,49361,48811,48746,48003,47125,46478,46262,46375,45311,45033,44332,44003,43706,43634,43622,43577,43627,43666,43660,43500,43318,43092
"정선군",80121,72890,66160,61115,57350,54668,53849,51734,50572,49048,51226,46225,45419,44203,43186,41806,41269,40708,41045,40181,39915,39985,39425,39197,38718,38173
"철원군",55192,54720,54268,54281,54295,54194,54500,53946,53190,52072,50532,50212,49650,48933,48024,47420,47724,47669,48928,48084,47968,47473,47590,48799,48013,47185
"화천군",26748,26629,26318,26321,26010,25627,25916,25544,25188,24965,24088,24540,24267,23732,23317,22944,24110,24216,24364,24945,25020,25079,27143,27020,26264,26022
"양구군",25270,24802,24560,24233,24047,23778,24027,23756,23420,23198,22527,21995,21692,21480,21269,21401,21303,21323,21843,22285,22799,23594,23888,24089,24010,23835
"인제군",35686,35251,35306,35079,34670,34187,34288,34090,33618,33092,32447,32092,32443,32811,32493,32079,31620,31452,31842,31970,32456,32517,32475,33255,32720,32582
"고성군",41592,40482,39454,39005,38142,37384,37319,36369,35391,34643,33721,32739,32361,31964,31285,30383,30172,30272,30112,30057,30124,30398,30269,30060,30114,30029
"양양군",32292,31913,31300,31063,30906,30919,31103,30941,30141,30180,30076,29480,29187,29132,28661,28472,28115,27957,27929,27942,27802,27659,27521,27479,27218,27207
"명주군",70086,68799,67407,-,-,-,-,-,-,-,-,-,-,-,-,-,-,-,-,-,-,-,-,-,-,-
"삼척군",58544,55001,50928,-,-,-,-,-,-,-,-,-,-,-,-,-,-,-,-,-,-,-,-,-,-,-
"충청북도",1403633,1418403,1425295,1439346,1454524,1470776,1484466,1492077,1497513,1496520,1492713,1489635,1488945,1488803,1494559,1506608,1519587,1527478,1549528,1562903,1565628,1572732,1578933,1583952,1591625,1594432
"청주시",471118,489033,504221,519072,530836,544115,557405,569072,580861,592504,603941,615155,624288,630939,626679,633286,638663,643161,655971,661946,666852,672904,831521,831912,835197,835590
"서원구",-,-,-,-,-,-,-,-,-,-,-,-,-,-,-,-,-,-,-,-,-,-,224727,220045,217120,216782
"청원구",-,-,-,-,-,-,-,-,-,-,-,-,-,-,-,-,-,-,-,-,-,-,174975,182017,190813,193767
"상당구",-,-,-,221170,231220,232093,234924,233907,232768,235272,240972,249306,255214,258598,256339,250558,246344,243777,241589,241621,240433,246128,179792,176424,173701,171129
"흥덕구",-,-,-,297902,299616,312022,322481,335165,348093,357232,362969,365849,369074,372341,370340,382728,392319,399384,414382,420325,426419,426776,252027,253426,253563,253912
"동부출장소",-,197457,209761,-,-,-,-,-,-,-,-,-,-,-,-,-,-,-,-,-,-,-,-,-,-,-
"서부출장소",-,291576,294460,-,-,-,-,-,-,-,-,-,-,-,-,-,-,-,-,-,-,-,-,-,-,-
"충주시",138300,140977,144796,212872,215151,217638,218846,218763,217305,215249,211980,209138,207534,205907,204610,205064,206372,206613,208481,208433,208447,208115,208527,207913,208350,208316
"제천시",107522,109195,110080,146087,147090,147901,147942,148155,147950,144968,143231,140676,138872,138201,136398,136218,135738,135580,137264,137689,137521,137204,136805,136138,136517,136432
"청원군",120070,119549,117871,117560,119843,121794,123385,122922,123984,124181,122782,121235,119745,119784,136538,143021,148063,149783,152944,158369,154780,155002,-,-,-,-
"보은군",53513,51814,49891,48460,47242,45980,45554,44562,43245,42082,40420,38973,38062,37114,36293,35354,35069,34845,34956,34717,34438,34318,34240,34296,34221,34053
"옥천군",69031,67312,65519,64694,63703,63075,62708,61845,60798,59515,58461,57505,56634,55610,54923,54608,54475,54117,54025,53496,53244,52763,52469,52404,52267,51766
"영동군",66613,65388,64073,62966,62052,61205,60890,60094,58627,57184,55752,54036,52597,51800,50819,50131,50276,50426,50523,50621,50663,50539,50803,50693,50552,50240
"증평군",-,-,-,-,-,-,-,-,-,-,-,31310,30899,30607,30483,31145,32179,33164,33533,34009,34279,34546,34771,36671,37308,37783
"진천군",55902,56290,56300,56810,57975,59031,59177,58979,60121,60309,59699,59724,60347,60155,60111,60154,60715,61456,62094,63051,63458,64606,65174,67981,69950,73677
"괴산군",55028,53137,51042,49606,48219,47068,46272,45468,44380,43126,41827,40411,39586,38595,37570,36873,36566,36775,36827,37333,37713,38059,38351,38787,38973,39054
"음성군",80009,81298,81578,83682,85345,87104,87023,87747,87956,87289,86562,85771,85638,85969,86789,88355,89542,89716,91093,91644,92980,93505,95324,96396,97787,97306
"중원군",68538,67749,65874,-,-,-,-,-,-,-,-,-,-,-,-,-,-,-,-,-,-,-,-,-,-,-
"제천군",36969,36083,35158,-,-,-,-,-,-,-,-,-,-,-,-,-,-,-,-,-,-,-,-,-,-,-
"단양군",49081,47598,46060,44327,43593,42738,42302,41137,40000,38721,37320,35701,34743,34122,33346,32399,31929,31842,31817,31595,31253,31171,30948,30761,30503,30215
"증평출장소",31939,32980,32832,33210,33475,33127,32962,33333,32286,31392,30738,-,-,-,-,-,-,-,-,-,-,-,-,-,-,-
"충청남도",1870723,1856333,1842157,1852361,1873499,1897074,1913428,1919330,1921604,1918137,1907725,1912803,1953406,1962646,1974433,1995531,2018537,2037582,2075514,2101284,2028777,2047631,2062273,2077649,2096727,2116770
"당진시",-,-,-,-,-,-,-,-,-,-,-,-,-,-,-,-,-,-,-,-,155104,159615,162844,165122,166630,167439
"천안시",195368,203091,212242,333630,350473,370928,383990,403017,421418,432534,441243,456501,503082,512482,523323,531956,537698,540832,557673,571377,581988,591089,598346,605776,617955,631531
"동남구",-,-,-,-,-,-,-,-,-,-,-,-,-,-,-,-,235270,237854,247323,252942,257908,260575,261768,261474,258919,255878
"서북구",-,-,-,-,-,-,-,-,-,-,-,-,-,-,-,-,302428,302978,310350,318435,324080,330514,336578,344302,359036,375653
"공주시",57059,57858,58657,138069,137705,136617,136988,136819,135589,133978,132584,130957,130280,129489,128330,126612,125143,124172,124930,124748,117298,116369,113621,111261,109931,108432
"대천시",54715,54894,55198,-,-,-,-,-,-,-,-,-,-,-,-,-,-,-,-,-,-,-,-,-,-,-
"보령시",-,-,-,122895,121961,121765,122191,120721,118504,116306,113365,110380,108861,108056,107591,107637,106885,106754,107346,106421,105559,104938,104321,104754,103873,103198
"온양시",61656,65299,66590,-,-,-,-,-,-,-,-,-,-,-,-,-,-,-,-,-,-,-,-,-,-,-
"아산시",-,-,-,158214,166503,175658,179199,180618,184191,186469,191123,193122,200938,204431,211560,221490,240942,256449,265191,274523,280490,287073,293954,297737,302929,311453
"서산시",55181,56195,57906,142222,145968,149585,150618,150763,150028,150116,148150,151818,150131,150294,150889,153569,156867,158886,160468,161489,163315,165837,167611,170099,170788,171678
"계룡출장소",10770,12323,13987,15645,18229,21821,25707,26767,27505,28775,29830,-,-,-,-,-,-,-,-,-,-,-,-,-,-,-
"논산시",-,-,-,-,148712,147265,146629,144488,142390,140287,137419,135719,135572,134217,131466,129486,127797,127097,127507,127533,126653,125844,124784,124232,123213,122240
"계룡시",-,-,-,-,-,-,-,-,-,-,-,31058,31174,34370,36846,37775,41411,42760,43088,42942,41550,40957,40552,41730,42634,43967
"금산군",75986,72704,69726,70831,72114,70125,67760,65287,64515,62985,61350,60740,60048,58378,57552,57690,56740,56220,56555,56030,55715,55441,55166,54879,54612,53894
"연기군",85688,83687,82278,80748,80895,80274,80601,80947,80471,81328,82323,82733,84455,84308,82747,79977,78645,79482,81871,82890,-,-,-,-,-,-
"공주군",86573,83530,80444,-,-,-,-,-,-,-,-,-,-,-,-,-,-,-,-,-,-,-,-,-,-,-
"논산군",157112,153237,149968,150012,-,-,-,-,-,-,-,-,-,-,-,-,-,-,-,-,-,-,-,-,-,-
"부여군",112754,109688,106235,103516,100746,98138,97065,95044,92667,90373,88014,85275,83260,81430,79595,77916,76687,75564,75029,74004,73259,72547,71754,71143,70187,69086
"서천군",92307,89702,87151,85184,82932,80973,80078,77953,75259,72787,70116,67414,65650,64322,62629,61168,60507,60066,60085,59541,58920,58441,57713,56910,56012,55175
"보령군",76261,72961,69577,-,-,-,-,-,-,-,-,-,-,-,-,-,-,-,-,-,-,-,-,-,-,-
"청양군",50752,48998,47240,45714,44544,43404,42920,42109,41025,40029,38588,36992,35626,34921,34086,33604,33062,32613,32541,32291,32087,32155,32248,32485,32753,32837
"홍성군",106339,104609,102737,101458,99649,99077,98920,97288,95369,93558,91377,94658,91223,90931,89555,88685,88176,87631,88078,88108,88415,89704,91866,94553,99971,101570
"예산군",116732,114566,112050,109962,108029,106248,105346,103763,101432,100289,97786,95029,91832,90740,89585,88670,88144,87163,87002,86421,85876,85205,84919,83484,81339,80338
"서산군",86420,84510,82347,-,-,-,-,-,-,-,-,-,-,-,-,-,-,-,-,-,-,-,-,-,-,-
"태안군",77909,76050,73991,72168,70466,70043,70056,69162,68746,67878,66062,63930,63764,63794,63754,63042,63401,63095,63247,62747,62548,62416,62574,63484,63900,63932
"당진군",122602,121465,120838,122093,124573,125153,125360,124584,122495,120445,118395,116477,117510,120483,124925,136254,136432,138798,144903,150219,-,-,-,-,-,-
"아산군",89817,88338,88185,-,-,-,-,-,-,-,-,-,-,-,-,-,-,-,-,-,-,-,-,-,-,-
"천안군",98722,102628,104810,-,-,-,-,-,-,-,-,-,-,-,-,-,-,-,-,-,-,-,-,-,-,-
"전라북도",2027454,2016018,2002899,2006602,2004345,2001606,2009250,2009507,1999255,2006454,1953846,1954430,1906742,1885335,1868365,1862277,1855772,1854508,1868963,1874031,1873341,1872965,1871560,1869711,1864791,1854607
"전주시",538807,549152,558121,569804,582136,588885,599196,610566,620521,622283,624485,618819,622472,621749,624849,623926,631532,635007,641525,645894,648863,650082,652877,652282,651744,648964
"완산구",267668,280567,288595,165592,166952,163528,322399,325835,332517,335556,342063,342672,345623,348968,351051,348930,352259,352737,357919,362636,363986,363694,364872,365605,361845,359012
"덕진구",271139,268585,269526,271198,267972,271260,276797,284731,288004,286727,282422,276147,276849,272781,273798,274996,279273,282270,283606,283258,284877,286388,288005,286677,289899,289952
"효자출장소",-,-,-,133014,147212,154097,-,-,-,-,-,-,-,-,-,-,-,-,-,-,-,-,-,-,-,-
"군산시",199943,204505,207696,275819,278069,280648,280666,279644,277491,276717,272007,268639,265168,263120,260989,260562,263845,266922,272601,275659,278341,278319,278098,278398,277551,274997
"익산시",209459,216655,222381,328152,328162,330310,333788,335277,334324,334757,330101,325238,322378,318506,315094,313590,309269,306669,307289,309804,306469,306539,304117,302061,300479,300187
"정읍시",72343,71926,72135,151039,150224,150343,150505,151134,152022,151813,139133,155319,132285,129050,126249,124239,122842,121545,122000,120466,119392,118328,117183,115977,115173,113776
"남원시",54133,54848,55156,109185,108274,107180,106300,104544,103571,103977,100392,101950,96243,93670,91265,89247,88356,87675,87775,87455,87000,86460,85643,84856,84188,83281
"김제시",46960,46999,47350,128415,125582,122761,121636,118563,115865,115244,110989,110710,105195,102720,100238,97615,95807,94770,94346,93111,92317,91218,90108,88721,87782,86926
"완주군",89426,87522,85917,86461,85354,86055,86138,85540,84009,86719,84626,83649,82482,83651,83199,82972,83757,83885,85119,84660,86164,86978,90377,95303,95480,95975
"진안군",46102,44158,42142,40086,38077,35973,34635,33645,31273,32635,30439,30475,30757,29021,27122,30250,27230,27558,27543,28473,26963,26703,26474,26203,26069,26271
"무주군",35219,33960,33097,32293,31511,30835,30580,31776,29207,30333,27894,26716,26183,25876,25417,26361,26017,25811,25578,25863,25321,25398,25390,25220,24949,24809
"장수군",35446,33714,32650,31485,30632,29770,30513,30159,30051,30445,26349,29445,26788,24755,24209,26687,23864,23478,23386,23215,23191,23243,23335,23277,23628,23003
"임실군",50234,47953,46055,44612,42984,41326,40519,39265,37514,37439,35071,34283,33008,32511,31976,31952,31133,30703,30593,30789,29956,29739,29966,30271,30197,30162
"남원군",60288,57687,55182,-,-,-,-,-,-,-,-,-,-,-,-,-,-,-,-,-,-,-,-,-,-,-
"순창군",44828,42824,40965,39728,38638,37553,36832,35793,34587,33892,32329,31482,31814,32012,32485,32035,30920,30179,30209,29497,30055,30272,30368,30248,29949,29698
"정읍군",87493,83994,80311,-,-,-,-,-,-,-,-,-,-,-,-,-,-,-,-,-,-,-,-,-,-,-
"고창군",95836,91825,87979,85173,82568,79723,78587,76099,74104,74286,69657,69639,65203,63676,62030,60962,60328,60102,60861,60065,60440,60522,60090,60046,60597,60472
"부안군",92784,89456,86684,84350,82134,80244,79355,77502,74716,75914,70374,68066,66766,65018,63243,61879,60872,60204,60138,59080,58869,59164,57534,56848,57005,56086
"김제군",91944,88220,82788,-,-,-,-,-,-,-,-,-,-,-,-,-,-,-,-,-,-,-,-,-,-,-
"옥구군",69318,66810,65075,-,-,-,-,-,-,-,-,-,-,-,-,-,-,-,-,-,-,-,-,-,-,-
"익산군",106891,103810,101215,-,-,-,-,-,-,-,-,-,-,-,-,-,-,-,-,-,-,-,-,-,-,-
"전라남도",2283108,2235346,2197391,2185564,2175206,2163353,2171024,2155093,2130614,2099308,2054204,2017730,1986192,1967205,1942925,1929836,1919000,1913004,1918485,1914339,1909618,1907172,1905780,1908996,1903914,1896424
"목포시",224670,227030,231407,239423,245152,249764,248568,246381,245492,245344,244909,241460,241717,242988,241679,243312,245651,244339,245422,244871,245073,240936,239109,238382,237739,234379
"여수시",185151,185356,185897,185551,187074,188312,329409,326666,323913,320146,315536,310350,305312,301389,297489,295439,295133,293546,293488,292750,292217,291366,290900,290168,288988,286382
"순천시",155466,160931,168818,251156,257636,264425,266553,267883,270345,271734,271139,269843,270059,270934,269940,270380,269429,269516,272620,272201,273798,275668,277188,278765,278548,279331
"나주시",37937,38119,38085,116179,114834,112393,111719,110148,108459,105832,102825,101708,99308,97980,96417,95439,92884,90875,90118,88243,88067,87754,90669,98182,104376,110110
"여천시",73629,73836,74795,77864,80381,80909,-,-,-,-,-,-,-,-,-,-,-,-,-,-,-,-,-,-,-,-
"동광양시",55326,56726,59147,-,-,-,-,-,-,-,-,-,-,-,-,-,-,-,-,-,-,-,-,-,-,-
"광양시",-,-,-,129111,131191,132288,136728,138083,137940,138238,137913,136484,137601,138098,138237,138865,141388,143461,145512,150725,150837,151621,152097,153587,155580,155857
"담양군",65247,63721,62080,61174,59907,58600,57797,56536,55089,53268,51535,50933,50613,50364,50332,50441,48347,47286,47808,47819,47612,47365,47177,47009,47229,47285
"곡성군",46102,44133,42628,41759,40788,41236,40809,41609,41149,38767,36754,35297,34396,34157,33631,33311,32608,32084,31886,31332,30878,31009,30732,30672,30400,30131
"구례군",39736,38403,37223,36432,35822,35032,34949,34242,33588,32948,31755,30509,30232,29577,28837,28203,27703,27518,27375,27422,27077,27115,27170,27308,27412,27525
"광양군",72994,70063,68588,-,-,-,-,-,-,-,-,-,-,-,-,-,-,-,-,-,-,-,-,-,-,-
"여천군",74276,71555,68483,65724,63182,61246,-,-,-,-,-,-,-,-,-,-,-,-,-,-,-,-,-,-,-,-
"승주군",77050,75316,73071,-,-,-,-,-,-,-,-,-,-,-,-,-,-,-,-,-,-,-,-,-,-,-
"고흥군",126906,121851,117067,112384,108128,104470,103256,102542,100989,95864,92715,91518,86747,83830,81068,78589,76605,75127,73924,72607,71560,70631,69641,68601,67656,66736
"보성군",78940,75556,72685,70039,67664,65253,64445,63047,61329,59417,57282,55983,54288,53145,51948,50921,50004,49048,48792,47894,47050,46385,45882,45349,44469,43755
"화순군",73102,71414,70228,70736,73443,73698,76299,78042,78610,79219,78443,76123,75023,73673,72615,71551,70327,69675,69368,68985,68378,67829,66772,65848,65303,64680
"장흥군",66804,63968,61777,60112,58867,57500,56894,55533,53392,51738,50232,47837,46568,45542,44451,43468,42783,42097,42394,42552,42672,43004,43190,43513,40669,40136
"강진군",60381,58301,56431,55042,53488,52188,51739,51207,49254,50846,46381,44743,43550,42696,41938,41352,41153,41164,41624,41599,40241,40079,39861,38758,37753,36868
"해남군",115303,111754,107932,104628,101578,99329,101758,100792,99230,96445,92323,89981,87736,86238,84338,82529,81043,81148,79579,78346,78150,77684,76981,76194,75121,73604
"영암군",68698,66050,63386,62388,64214,63761,65869,66018,65268,64391,64637,63267,62336,62004,61546,60742,60106,59837,60082,60139,59997,59061,58852,58137,57045,55616
"무안군",82162,79378,77093,75037,73076,71804,71334,71164,70212,68904,65976,63681,62472,61915,61766,63674,66598,72417,74475,75718,75741,79367,81696,82236,82109,82872
"나주군",85669,82635,79992,-,-,-,-,-,-,-,-,-,-,-,-,-,-,-,-,-,-,-,-,-,-,-
"함평군",58212,55676,52803,51686,49682,48237,50854,46830,45232,43522,41965,42119,40205,40189,38647,37998,37432,37089,36702,36134,35780,35610,35090,34876,34397,34328
"영광군",86731,83647,78921,76116,74276,74724,75658,74760,72780,70120,67055,64148,62959,61500,60045,58837,58075,57037,57362,56863,57224,57617,56833,56267,55618,54774
"장성군",61339,58838,57327,58898,58321,57664,56992,56462,55986,54687,52542,51493,50200,49165,47870,47410,46602,46214,46514,46245,46289,46292,46273,46360,46104,46111
"완도군",82564,79255,76216,74015,71374,69409,68915,68833,66978,65397,62964,61145,59950,58841,57464,56201,54999,54301,54269,54037,53871,53619,53174,53014,52668,52109
"진도군",52890,50659,48683,47256,45500,44256,43865,43362,42229,41139,39619,38382,37329,36529,35953,35206,34412,33931,33743,33502,33208,32998,32746,32476,32078,31765
"신안군",75823,71175,66628,62854,59628,56855,56614,54953,53150,51342,49704,50726,47591,46451,46714,45968,45718,45294,45428,44355,43898,44162,43747,43294,42652,42070
"경상북도",2872170,2876288,2873138,2770378,2790451,2799084,2809595,2808567,2797178,2784704,2756744,2720832,2695917,2688491,2688577,2681364,2673931,2669876,2689920,2699195,2698353,2699440,2700794,2702826,2700398,2691706
"포항시",318494,322163,327042,510167,511409,511675,512001,513390,515977,515039,511667,508850,507129,507052,505008,505555,508119,509475,514755,517088,518913,519467,519368,519584,516775,513832
"남구",-,-,-,-,-,-,-,-,-,-,-,259237,255608,255866,252219,253451,253771,252584,254288,252556,251434,249709,247649,246445,244748,242469
"북구",-,-,-,-,-,-,-,-,-,-,-,249613,251521,251186,252789,252104,254348,256891,260467,264532,267479,269758,271719,273139,272027,271363
"경주시",140310,145216,147733,283766,288319,291146,291414,291614,290149,287506,284589,281177,277870,275087,273419,272206,269343,267466,267098,265488,264091,263283,261535,259773,259452,257903
"김천시",82474,83338,84169,151641,150818,150366,150144,151459,149864,150858,146666,150306,143527,141632,139682,139084,138056,135918,136136,136185,135504,135259,135456,140132,142256,142908
"안동시",115763,117779,119924,192522,191167,188459,187515,186188,183903,181838,179326,175677,174037,171387,168733,167916,167300,167432,167886,168157,168302,168461,168697,169221,168798,166272
"구미시",196816,210203,220187,302413,311437,321463,328659,335487,336914,344159,350011,355629,365681,374614,386465,391897,393959,396419,404920,413446,416949,419428,420320,419915,419891,421799
"영주시",84124,84673,85322,138654,136939,135230,134774,133534,131175,128707,126040,123806,121513,119098,116965,115083,113930,113309,113926,114148,113547,112625,110780,109735,109247,108371
"영천시",51396,53695,54560,123069,121560,121198,122609,121930,119639,117991,115401,112423,109520,107337,105029,105819,104022,103115,103190,104182,101798,100778,100689,100648,100521,100615
"상주시",52129,52440,53021,133895,132371,130564,129259,127127,124674,122047,118999,115337,112585,110444,108280,106600,105381,106208,105607,104685,104182,103346,102892,102374,101799,100947
"점촌시",48417,47740,47569,-,-,-,-,-,-,-,-,-,-,-,-,-,-,-,-,-,-,-,-,-,-,-
"문경시",-,-,-,95778,93567,91774,91163,90144,89900,89091,83749,81258,79552,78058,76177,74780,75486,76645,77391,76727,75899,75664,75911,75784,74702,73294
"경산시",62402,69199,74592,164632,184924,198304,207444,212489,213821,215995,218446,216240,219579,227766,234839,236881,237423,236459,240708,243684,246358,248805,253968,256888,258037,259485
"달성군",107933,111137,112590,-,-,-,-,-,-,-,-,-,-,-,-,-,-,-,-,-,-,-,-,-,-,-
"군위군",36363,35513,34423,33577,32831,32063,31490,31846,32637,34055,31654,29762,28825,27709,26687,25781,25309,24966,24736,24268,24119,24172,24170,24126,24171,24215
"의성군",96598,93233,89786,86169,83552,81533,80559,78866,76327,73872,70863,68372,66124,64457,62947,61366,60033,59109,58832,57744,57043,56064,55212,54477,54014,53474
"안동군",81846,78041,74286,-,-,-,-,-,-,-,-,-,-,-,-,-,-,-,-,-,-,-,-,-,-,-
"청송군",40847,40118,38826,37878,36609,35813,35760,34959,34248,33517,32323,31313,30099,29298,28465,27862,27289,26917,26715,26569,26481,26470,26453,26384,26301,26006
"영양군",29620,28387,27151,26040,25151,24276,23976,23409,22805,22172,21385,20772,20205,20025,19615,19119,18766,18553,18451,18241,18208,18297,18197,17898,17713,17479
"영덕군",63539,61720,59593,57548,55840,54358,53999,52730,51131,49593,52602,46965,45826,45003,46460,43470,42707,41710,41377,40794,40257,40142,39586,39191,39052,38529
"영일군",181350,181513,179674,-,-,-,-,-,-,-,-,-,-,-,-,-,-,-,-,-,-,-,-,-,-,-
"경주군",132372,132803,132426,-,-,-,-,-,-,-,-,-,-,-,-,-,-,-,-,-,-,-,-,-,-,-
"영천군",73622,71856,69441,-,-,-,-,-,-,-,-,-,-,-,-,-,-,-,-,-,-,-,-,-,-,-
"경산군",80650,80656,82511,-,-,-,-,-,-,-,-,-,-,-,-,-,-,-,-,-,-,-,-,-,-,-
"청도군",59215,58141,56827,55966,56383,56598,56658,55512,52497,51268,50716,50141,47678,46748,46144,45515,44711,44279,44391,44298,43968,43788,43993,43724,43564,43346
"고령군",37935,37356,36625,36194,37653,38781,38447,38251,37587,36796,35978,34942,34522,34271,34777,34907,34770,34535,34678,35455,35343,35198,35033,34594,34257,33768
"성주군",55019,54743,54199,53878,53675,53213,52820,52405,51104,50380,51761,48655,47731,46960,46358,45680,45024,45616,45289,45640,45127,45067,44981,45029,45205,45138
"칠곡군",80172,81083,82742,86365,90464,91500,92420,93282,103537,104743,105844,105843,106475,107750,111390,113851,116472,117288,119087,118838,119786,121182,122058,122829,123199,120864
"금릉군",73479,71398,69461,-,-,-,-,-,-,-,-,-,-,-,-,-,-,-,-,-,-,-,-,-,-,-
"선산군",64674,64674,64588,-,-,-,-,-,-,-,-,-,-,-,-,-,-,-,-,-,-,-,-,-,-,-
"상주군",89719,86170,82959,-,-,-,-,-,-,-,-,-,-,-,-,-,-,-,-,-,-,-,-,-,-,-
"문경군",57637,54134,50974,-,-,-,-,-,-,-,-,-,-,-,-,-,-,-,-,-,-,-,-,-,-,-
"예천군",76467,73055,70506,68306,66508,64643,63681,61828,59885,58081,55746,53649,52132,50951,50218,48866,47993,47306,47049,46579,46027,45573,45104,44674,46166,49253
"영풍군",59121,57251,55197,-,-,-,-,-,-,-,-,-,-,-,-,-,-,-,-,-,-,-,-,-,-,-
"봉화군",58144,54909,52095,49960,48131,46460,45737,44437,42865,41364,39852,39439,37526,36599,35608,35046,34628,34297,34567,34192,33934,33894,34023,33808,33539,33259
"울진군",71061,70182,70718,70717,70343,69145,68342,67259,66298,65688,63511,61031,58590,56707,55076,53955,53042,52529,52430,52045,51844,51953,52104,51885,51738,50974
"울릉군",12462,11769,11421,11243,10800,10522,10724,10421,10241,9944,9615,9245,9191,9538,10235,10125,10168,10325,10701,10742,10673,10524,10264,10153,10001,9975
"경상남도",3846825,3902502,3962374,3949903,4009419,3043758,3069755,3080229,3094413,3106502,3124418,3139017,3143814,3160431,3172857,3196953,3225255,3250176,3290536,3308765,3319314,3333820,3350257,3364702,3373871,3380404
"창원시",-,-,-,-,-,-,-,-,-,-,-,-,-,-,-,-,-,-,1090181,1091881,1091471,1083731,1075168,1070064,1063907,1057032
"의창구",-,-,-,-,-,-,-,-,-,-,-,-,-,-,-,-,-,-,251647,254419,255394,255816,258250,256471,252435,253349
"성산구",-,-,-,-,-,-,-,-,-,-,-,-,-,-,-,-,-,-,251073,247720,246801,242870,238414,234399,231571,227942
"마산합포구",-,-,-,-,-,-,-,-,-,-,-,-,-,-,-,-,-,-,186420,186399,185505,183365,182223,181670,181797,181917
"마산회원구",-,-,-,-,-,-,-,-,-,-,-,-,-,-,-,-,-,-,225182,223235,221388,219558,214291,211791,210791,203926
"진해구",-,-,-,-,-,-,-,-,-,-,-,-,-,-,-,-,-,-,175859,180108,182383,182122,181990,185733,187313,189898
"창원시",384816,399393,420286,478007,494103,503899,503938,514935,519798,524068,513659,510439,507161,504520,503881,503930,503518,502727,-,-,-,-,-,-,-,-
"울산시",751851,754197,767093,967399,991285,-,-,-,-,-,-,-,-,-,-,-,-,-,-,-,-,-,-,-,-,-
"합포구",191604,187866,185838,213893,212901,212734,216135,216146,-,-,-,-,-,-,-,-,-,-,-,-,-,-,-,-,-,-
"회원구",201324,197111,192234,217526,216951,214252,217949,218344,-,-,-,-,-,-,-,-,-,-,-,-,-,-,-,-,-,-
"마산시",392928,384977,378072,431419,429852,426986,434084,434490,432620,433135,432903,429612,427248,425018,421783,415805,411078,406307,-,-,-,-,-,-,-,-
"진주시",251054,256425,260159,334252,335914,338771,341156,341516,341822,339906,339943,337319,337425,336234,333554,330756,331222,331720,335037,335502,337314,337071,340241,344426,346739,346681
"진해시",124315,126043,128585,129716,131440,133419,133217,133052,133791,134660,141124,150308,151393,156992,161175,163108,168696,171407,-,-,-,-,-,-,-,-
"충무시",96618,97528,98291,-,-,-,-,-,-,-,-,-,-,-,-,-,-,-,-,-,-,-,-,-,-,-
"통영시",-,-,-,142714,141742,140789,140397,139093,136864,135547,134107,133420,132959,132795,133127,134431,136275,137415,140297,140195,139347,139719,139439,139168,138160,135833
"삼천포시",66523,66058,65658,-,-,-,-,-,-,-,-,-,-,-,-,-,-,-,-,-,-,-,-,-,-,-
"사천시",-,-,-,122830,122438,120946,120145,119597,119326,119305,117076,114556,112670,111293,112300,112499,112828,112724,114148,114133,115321,116851,116485,115452,114912,114252
"김해시",139832,148685,162098,263577,287009,304750,320487,326070,343617,353768,390292,407368,427432,443017,453728,464964,477572,492413,503348,507062,513260,522049,527240,528865,529422,532132
"밀양시",48793,49857,50774,131187,129498,129124,128073,126641,124574,122999,120342,117732,115459,113636,112025,111473,110858,110170,110479,109329,108755,108342,107765,107896,108354,107898
"장승포시",50591,52399,55294,-,-,-,-,-,-,-,-,-,-,-,-,-,-,-,-,-,-,-,-,-,-,-
"거제시",-,-,-,155140,160894,164652,170275,173090,174981,178980,182035,186208,190141,195609,201412,208208,217211,225522,228355,232787,236944,242077,248287,255828,257183,254073
"양산시",-,-,-,-,167087,172944,177081,184015,193552,200694,205958,210424,213695,222299,226425,231956,243012,250387,260239,266403,270460,279565,292376,301291,317037,338535
"진양군",77314,75695,74046,-,-,-,-,-,-,-,-,-,-,-,-,-,-,-,-,-,-,-,-,-,-,-
"의령군",42716,41425,40023,39097,37711,36812,36265,35384,34490,33494,32751,32766,32371,31099,31625,31418,30734,30496,30162,30045,30329,29417,29209,28544,28111,27849
"함안군",70212,70217,68517,67894,66998,66815,66865,65923,64846,65368,64318,63435,62081,61376,63460,64865,66050,66582,67207,66971,67425,67667,68741,69156,68937,68207
"창녕군",85225,83529,81509,79913,78226,77124,76207,74668,73019,71047,69220,67313,66074,64672,63476,62255,61603,61252,61714,62490,62966,63447,63502,63817,63982,64101
"밀양군",86068,84303,81814,-,-,-,-,-,-,-,-,-,-,-,-,-,-,-,-,-,-,-,-,-,-,-
"양산군",181246,203647,217332,161241,-,-,-,-,-,-,-,-,-,-,-,-,-,-,-,-,-,-,-,-,-,-
"울산군",146338,164465,177816,-,-,-,-,-,-,-,-,-,-,-,-,-,-,-,-,-,-,-,-,-,-,-
"김해군",87566,87390,85952,-,-,-,-,-,-,-,-,-,-,-,-,-,-,-,-,-,-,-,-,-,-,-
"창원군",85712,92456,96833,-,-,-,-,-,-,-,-,-,-,-,-,-,-,-,-,-,-,-,-,-,-,-
"통영군",48645,46334,44641,-,-,-,-,-,-,-,-,-,-,-,-,-,-,-,-,-,-,-,-,-,-,-
"거제군",93318,93898,94843,-,-,-,-,-,-,-,-,-,-,-,-,-,-,-,-,-,-,-,-,-,-,-
"고성군",74524,73163,71595,69988,68432,67588,66612,64960,63423,62097,60374,58642,57400,56189,55309,55393,55950,57100,57231,57264,56906,56369,55916,55284,54703,54060
"사천군",56836,56697,57047,-,-,-,-,-,-,-,-,-,-,-,-,-,-,-,-,-,-,-,-,-,-,-
"남해군",73714,71695,70199,68406,66362,64500,63662,61820,59762,57916,55958,54392,53129,51825,50792,55026,50698,50244,49328,50242,48223,47244,46638,45865,45129,44642
"하동군",70284,68606,67265,65743,64147,62867,62007,60801,59556,60298,56777,58010,54881,53131,52898,55526,53515,52010,51509,53975,50806,50177,49223,50259,49622,48831
"산청군",50519,48756,47254,46329,45419,44291,43456,42210,40997,39863,38726,37783,36849,36294,35704,35274,35043,34921,35591,35651,35691,35935,35849,36071,36098,36340
"함양군",55516,53885,52426,51125,49755,48912,48716,47638,46376,45184,43982,42760,41922,41535,41162,40637,40447,40626,41197,41081,40714,40692,40584,40339,40241,40175
"거창군",77705,76454,74999,73810,73078,72237,72096,70989,69744,68574,67224,66370,65615,64735,63917,63979,63268,63180,63421,63146,63103,63177,63137,63232,63308,62763
"합천군",76046,74325,71953,70116,68029,66332,65016,63337,61255,59599,57649,60160,57909,58162,55104,55450,55677,52973,51092,50608,50279,50290,50457,49145,48026,47000
"제주특별자치도",505784,510584,513905,518836,523022,527586,534008,538744,542368,546889,550831,552297,555362,557569,558496,559258,560618,562663,571255,576156,583713,593806,607346,624395,641597,657083
"제주시",237481,243014,248537,255247,260640,265856,270424,273930,278535,284498,289874,292124,296068,303499,403601,405458,407498,410378,417539,422790,429656,438165,448834,459876,470665,478700
"서귀포시",84721,85201,84940,85393,84999,84837,85041,85857,85571,85129,84601,83275,83770,83027,154895,153800,153120,152285,153716,153366,154057,155641,158512,164519,170932,178383
"북제주군",100447,99991,99320,98328,98229,98300,100422,100808,100227,100017,100540,101828,101915,97202,-,-,-,-,-,-,-,-,-,-,-,-
"남제주군",83135,82378,81108,79868,79154,78593,78121,78149,78035,77245,75816,75070,73609,73841,-,-,-,-,-,-,-,-,-,-,-,-
